{
  "u_range": [
    -0.6632869839668274,
    1.0691958665847778
  ],
  "v_range": [
    -0.6558728814125061,
    0.47957053780555725
  ],
  "percentile_low": 1,
  "percentile_high": 99,
  "num_images": 1000,
  "statistics": {
    "u": {
      "mean": 0.06706897169351578,
      "std": 0.30698809027671814,
      "min": -13.427539825439453,
      "max": 13.00163745880127
    },
    "v": {
      "mean": -0.016104232519865036,
      "std": 0.22769121825695038,
      "min": -13.304686546325684,
      "max": 11.532353401184082
    }
  }
}