{
  "u_range": [
    -0.5306267142295837,
    1.0400141477584839
  ],
  "v_range": [
    -0.5571897625923157,
    0.5192981362342834
  ],
  "percentile_low": 1,
  "percentile_high": 99,
  "num_images": 1000,
  "statistics": {
    "u": {
      "mean": 0.06871713697910309,
      "std": 0.2687927484512329,
      "min": -13.450398445129395,
      "max": 12.869369506835938
    },
    "v": {
      "mean": -0.009390792809426785,
      "std": 0.23231269419193268,
      "min": -13.489184379577637,
      "max": 10.982314109802246
    }
  }
}