{
  "a1": 0.5,
  "a2": 0.5,
  "b": 1.5,
  "metric": "rank1",
  "distance_metric": "cityblock",
  "results": {
    "rank1": 0.02,
    "rank5": 0.06333333333333334,
    "rank10": 0.10666666666666667
  },
  "t_c_stats": {
    "T_mean": 0.08285883069038391,
    "T_std": 0.005128232296556234,
    "T_min": 0.07253274321556091,
    "T_max": 0.0985369011759758,
    "C_mean": 3.534605026245117,
    "C_std": 0.19155000150203705,
    "C_min": 2.8723390102386475,
    "C_max": 3.972548484802246
  },
  "normalization": {
    "t_stats": {
      "mean": 0.08285883069038391,
      "std": 0.005128232296556234,
      "min": 0.07253274321556091,
      "max": 0.0985369011759758
    },
    "c_stats": {
      "mean": 3.534605026245117,
      "std": 0.19155000150203705,
      "min": 2.8723390102386475,
      "max": 3.972548484802246
    }
  }
}